{
  "name": "digital_sensor",
  "type": "ARM",
  "dependenceList": [],
  "srcDirs": [
    ".eide/deps"
  ],
  "virtualFolder": {
    "name": "<virtual_root>",
    "files": [],
    "folders": [
      {
        "name": "bsp",
        "files": [
          {
            "path": "../bsp/Coder.c"
          },
          {
            "path": "../bsp/Coder.h"
          }
        ],
        "folders": []
      },
      {
        "name": "core",
        "files": [
          {
            "path": "../core/startup_stm32f40_41xxx.s"
          }
        ],
        "folders": []
      },
      {
        "name": "library",
        "files": [
          {
            "path": "../library/src/misc.c"
          },
          {
            "path": "../library/src/stm32f4xx_adc.c"
          },
          {
            "path": "../library/src/stm32f4xx_can.c"
          },
          {
            "path": "../library/src/stm32f4xx_cec.c"
          },
          {
            "path": "../library/src/stm32f4xx_crc.c"
          },
          {
            "path": "../library/src/stm32f4xx_cryp.c"
          },
          {
            "path": "../library/src/stm32f4xx_cryp_aes.c"
          },
          {
            "path": "../library/src/stm32f4xx_cryp_des.c"
          },
          {
            "path": "../library/src/stm32f4xx_cryp_tdes.c"
          },
          {
            "path": "../library/src/stm32f4xx_dac.c"
          },
          {
            "path": "../library/src/stm32f4xx_dbgmcu.c"
          },
          {
            "path": "../library/src/stm32f4xx_dcmi.c"
          },
          {
            "path": "../library/src/stm32f4xx_dfsdm.c"
          },
          {
            "path": "../library/src/stm32f4xx_dma.c"
          },
          {
            "path": "../library/src/stm32f4xx_dma2d.c"
          },
          {
            "path": "../library/src/stm32f4xx_dsi.c"
          },
          {
            "path": "../library/src/stm32f4xx_exti.c"
          },
          {
            "path": "../library/src/stm32f4xx_flash.c"
          },
          {
            "path": "../library/src/stm32f4xx_flash_ramfunc.c"
          },
          {
            "path": "../library/src/stm32f4xx_fmpi2c.c"
          },
          {
            "path": "../library/src/stm32f4xx_fsmc.c"
          },
          {
            "path": "../library/src/stm32f4xx_gpio.c"
          },
          {
            "path": "../library/src/stm32f4xx_hash.c"
          },
          {
            "path": "../library/src/stm32f4xx_hash_md5.c"
          },
          {
            "path": "../library/src/stm32f4xx_hash_sha1.c"
          },
          {
            "path": "../library/src/stm32f4xx_i2c.c"
          },
          {
            "path": "../library/src/stm32f4xx_iwdg.c"
          },
          {
            "path": "../library/src/stm32f4xx_lptim.c"
          },
          {
            "path": "../library/src/stm32f4xx_ltdc.c"
          },
          {
            "path": "../library/src/stm32f4xx_pwr.c"
          },
          {
            "path": "../library/src/stm32f4xx_qspi.c"
          },
          {
            "path": "../library/src/stm32f4xx_rcc.c"
          },
          {
            "path": "../library/src/stm32f4xx_rng.c"
          },
          {
            "path": "../library/src/stm32f4xx_rtc.c"
          },
          {
            "path": "../library/src/stm32f4xx_sai.c"
          },
          {
            "path": "../library/src/stm32f4xx_sdio.c"
          },
          {
            "path": "../library/src/stm32f4xx_spdifrx.c"
          },
          {
            "path": "../library/src/stm32f4xx_spi.c"
          },
          {
            "path": "../library/src/stm32f4xx_syscfg.c"
          },
          {
            "path": "../library/src/stm32f4xx_tim.c"
          },
          {
            "path": "../library/src/stm32f4xx_usart.c"
          },
          {
            "path": "../library/src/stm32f4xx_wwdg.c"
          }
        ],
        "folders": []
      },
      {
        "name": "sysytem",
        "files": [
          {
            "path": "../system/delay.c"
          },
          {
            "path": "../system/sys.c"
          },
          {
            "path": "../system/usart.c"
          }
        ],
        "folders": []
      },
      {
        "name": "user",
        "files": [
          {
            "path": "main.c"
          },
          {
            "path": "stm32f4xx_it.c"
          },
          {
            "path": "system_stm32f4xx.c"
          }
        ],
        "folders": []
      }
    ]
  },
  "outDir": "build",
  "deviceName": null,
  "packDir": null,
  "miscInfo": {
    "uid": "1ced4bdd260fc7fd96e85e67c9432c99"
  },
  "targets": {
    "digital_sensor": {
      "excludeList": [],
      "toolchain": "AC5",
      "compileConfig": {
        "cpuType": "Cortex-M4",
        "floatingPointHardware": "single",
        "scatterFilePath": "",
        "useCustomScatterFile": false,
        "storageLayout": {
          "RAM": [
            {
              "tag": "RAM",
              "id": 1,
              "mem": {
                "startAddr": "0x0",
                "size": "0x0"
              },
              "isChecked": false,
              "noInit": false
            },
            {
              "tag": "RAM",
              "id": 2,
              "mem": {
                "startAddr": "0x0",
                "size": "0x0"
              },
              "isChecked": false,
              "noInit": false
            },
            {
              "tag": "RAM",
              "id": 3,
              "mem": {
                "startAddr": "0x0",
                "size": "0x0"
              },
              "isChecked": false,
              "noInit": false
            },
            {
              "tag": "IRAM",
              "id": 1,
              "mem": {
                "startAddr": "0x20000000",
                "size": "0x20000"
              },
              "isChecked": true,
              "noInit": false
            },
            {
              "tag": "IRAM",
              "id": 2,
              "mem": {
                "startAddr": "0x10000000",
                "size": "0x10000"
              },
              "isChecked": false,
              "noInit": false
            }
          ],
          "ROM": [
            {
              "tag": "ROM",
              "id": 1,
              "mem": {
                "startAddr": "0x0",
                "size": "0x0"
              },
              "isChecked": false,
              "isStartup": false
            },
            {
              "tag": "ROM",
              "id": 2,
              "mem": {
                "startAddr": "0x0",
                "size": "0x0"
              },
              "isChecked": false,
              "isStartup": false
            },
            {
              "tag": "ROM",
              "id": 3,
              "mem": {
                "startAddr": "0x0",
                "size": "0x0"
              },
              "isChecked": false,
              "isStartup": false
            },
            {
              "tag": "IROM",
              "id": 1,
              "mem": {
                "startAddr": "0x8000000",
                "size": "0x80000"
              },
              "isChecked": true,
              "isStartup": true
            },
            {
              "tag": "IROM",
              "id": 2,
              "mem": {
                "startAddr": "0x0",
                "size": "0x0"
              },
              "isChecked": false,
              "isStartup": false
            }
          ]
        },
        "options": "null"
      },
      "uploader": "JLink",
      "uploadConfig": {
        "bin": "",
        "baseAddr": "",
        "cpuInfo": {
          "vendor": "null",
          "cpuName": "null"
        },
        "proType": 1,
        "speed": 8000,
        "otherCmds": ""
      },
      "uploadConfigMap": {},
      "custom_dep": {
        "name": "default",
        "incList": [
          ".",
          "../bsp",
          "../core",
          "../library/inc",
          "../system",
          ".cmsis/include",
          "RTE/_digital_sensor",
          ".eide/deps"
        ],
        "libList": [],
        "sourceDirList": [],
        "defineList": [
          "STM32F40_41xxx",
          "USE_STDPERIPH_DRIVER"
        ]
      }
    }
  },
  "version": "3.3"
}